customer_id,contact
ML-78227,938-282-8591
ML-78227,799-581-4713
ML-78227,781-482-4526
AM-99585,642-608-3572
AM-99585,304-601-3929
AM-99585,835-217-0277
CU-94010,216-459-6453
CU-94010,179-179-7783
CU-94010,881-581-4342
HC-11674,634-796-4249
HC-11674,635-603-5224
HC-11674,587-121-7879
MT-42139,624-443-2027
MT-42139,457-460-9508
MT-42139,310-433-6042
KT-58461,610-763-0492
KT-58461,447-961-8937
KT-58461,612-239-4748
NA-95910,987-877-0631
NA-95910,399-355-0123
NA-95910,318-466-2156
QC-33134,575-157-6453
QC-33134,906-285-6004
QC-33134,159-862-4774
RF-13605,541-453-6677
RF-13605,640-143-3247
RF-13605,919-592-7882
FD-22169,249-758-2246
FD-22169,271-114-3163
FD-22169,640-543-9366
QW-93437,979-970-5077
QW-93437,117-369-0177
QW-93437,290-733-8280
FV-25340,288-332-5018
FV-25340,138-160-2992
FV-25340,558-829-5371
BX-02349,271-618-3602
BX-02349,835-147-1886
BX-02349,828-262-5325
JZ-98723,457-963-9719
JZ-98723,718-396-5718
JZ-98723,376-707-4363
XF-01407,121-510-7591
XF-01407,715-279-2307
XF-01407,586-776-6174
JN-89651,542-948-9210
JN-89651,598-727-8080
JN-89651,466-349-7031
QJ-51997,413-604-8140
QJ-51997,974-928-5393
QJ-51997,320-888-2499
RG-22090,103-114-3317
RG-22090,561-872-1522
RG-22090,464-709-7027
SW-08664,611-840-0871
SW-08664,923-412-9358
SW-08664,687-675-8224
SL-02402,865-752-1842
SL-02402,412-740-0659
SL-02402,103-904-6137
SE-16394,961-213-0458
SE-16394,776-953-9885
SE-16394,963-609-5901
OV-58111,952-446-9034
OV-58111,684-254-5214
OV-58111,677-736-7804
HV-29891,597-438-6585
HV-29891,198-839-3565
HV-29891,448-917-4116
MH-47072,528-278-2886
MH-47072,533-914-2538
MH-47072,175-504-1505
RE-45044,708-485-0201
RE-45044,784-607-2025
RE-45044,423-756-2396
UG-56842,516-320-1266
UG-56842,298-778-0838
UG-56842,984-417-5282
VO-65478,503-567-7766
VO-65478,899-465-9333
VO-65478,651-856-7325
HI-89777,960-454-1382
HI-89777,157-610-0557
HI-89777,193-162-2537
HZ-08664,596-623-0292
HZ-08664,408-815-4536
HZ-08664,347-990-9033
PX-22792,188-567-5190
PX-22792,927-401-7743
PX-22792,200-291-0944
IR-14639,783-688-5845
IR-14639,183-475-0864
IR-14639,992-406-4639
EJ-53882,591-923-1312
EJ-53882,965-268-2962
EJ-53882,128-964-7578
XD-61817,429-489-1716
XD-61817,644-253-1504
XD-61817,235-678-1053
DN-34896,985-152-9307
DN-34896,987-678-4093
DN-34896,936-239-9730
OE-18734,982-320-0164
OE-18734,387-510-4847
OE-18734,492-506-3265
JJ-84987,860-937-7558
JJ-84987,506-680-1853
JJ-84987,681-424-9193
RE-62069,423-218-4658
RE-62069,803-245-4593
RE-62069,958-839-6384
ZC-11686,494-924-3523
ZC-11686,439-485-3997
ZC-11686,266-177-4367
YA-04354,218-891-1904
YA-04354,841-802-9096
YA-04354,294-881-5723
FZ-53270,225-927-4057
FZ-53270,245-685-3967
FZ-53270,274-429-0113
GX-61234,701-795-4066
GX-61234,129-977-1847
GX-61234,233-461-0894
KG-80653,841-402-3072
KG-80653,534-601-2530
KG-80653,399-167-0708
KC-32376,216-124-4269
KC-32376,666-344-1677
KC-32376,210-977-6747
QK-00600,727-248-6455
QK-00600,326-259-0305
QK-00600,950-240-2315
RK-68133,230-938-5618
RK-68133,859-791-3508
RK-68133,311-846-4360
BJ-64397,278-291-7353
BJ-64397,558-730-8626
BJ-64397,597-768-2789
LF-31753,771-332-4392
LF-31753,650-648-7665
LF-31753,536-592-2007
LV-68530,260-786-8861
LV-68530,497-168-4402
LV-68530,883-683-0595
SC-01244,759-358-2045
SC-01244,159-149-7956
SC-01244,868-625-3240
IQ-70554,464-720-4558
IQ-70554,605-683-1996
IQ-70554,718-335-7849
QV-45181,499-316-5235
QV-45181,806-446-8863
QV-45181,187-529-2786
PD-56608,282-231-9035
PD-56608,164-575-0745
PD-56608,473-224-6010
FP-59223,972-961-8955
FP-59223,674-982-6259
FP-59223,848-958-8380
BK-79225,358-554-9340
BK-79225,376-142-1653
BK-79225,988-447-8622
TH-43051,484-442-9668
TH-43051,842-888-6194
TH-43051,383-818-7471
YA-68117,249-707-1073
YA-68117,309-848-4150
YA-68117,119-677-2330
SR-63458,800-338-8964
SR-63458,193-843-4397
SR-63458,817-859-6555
TT-48638,202-929-5160
TT-48638,590-878-1326
TT-48638,430-793-7528
XM-21538,937-985-1708
XM-21538,635-359-1152
XM-21538,618-207-1555
BN-76717,755-904-0245
BN-76717,739-607-8031
BN-76717,910-462-8563
LI-48933,838-122-7849
LI-48933,668-678-0006
LI-48933,115-236-2814
BD-03200,982-993-1674
BD-03200,259-466-6059
BD-03200,833-270-6298
CE-92248,216-452-6023
CE-92248,789-405-8412
CE-92248,383-562-2573
UP-12578,469-298-9007
UP-12578,452-149-6951
UP-12578,558-316-1603
MD-14733,937-311-8559
MD-14733,390-345-3321
MD-14733,740-744-4516
LA-51055,230-118-0228
LA-51055,197-784-3561
LA-51055,585-280-5485
TG-99481,915-496-2690
TG-99481,347-948-1994
TG-99481,567-954-3067
LE-04352,919-381-3574
LE-04352,675-645-6042
LE-04352,249-836-5478
VA-88344,544-155-5709
VA-88344,505-153-4369
VA-88344,736-336-2858
CE-61416,338-191-5173
CE-61416,375-782-1440
CE-61416,354-515-6920
IQ-17986,445-839-5900
IQ-17986,287-976-9907
IQ-17986,396-247-9271
LP-16292,676-525-3718
LP-16292,458-757-9622
LP-16292,143-799-2288
LB-83216,109-390-6114
LB-83216,407-898-5871
LB-83216,268-971-1908
TJ-37884,253-242-0523
TJ-37884,410-171-7786
TJ-37884,859-609-4776
MR-88309,110-335-0480
MR-88309,628-578-1572
MR-88309,970-764-4656
KQ-96355,211-301-7801
KQ-96355,823-118-0937
KQ-96355,703-598-2509
MQ-37799,907-474-8949
MQ-37799,156-705-3669
MQ-37799,180-556-7178
XK-56226,769-606-7452
XK-56226,280-905-1826
XK-56226,696-331-4232
DT-10853,314-404-0148
DT-10853,803-848-2517
DT-10853,312-238-9468
ZE-74630,761-698-4541
ZE-74630,320-283-2960
ZE-74630,984-970-5458
IG-78307,217-472-1755
IG-78307,247-910-6286
IG-78307,589-989-3225
JN-66096,117-740-9926
JN-66096,938-705-6534
JN-66096,427-319-3876
BL-45631,443-632-9093
BL-45631,926-879-8508
BL-45631,757-384-4331
AZ-65559,465-402-6796
AZ-65559,911-268-5419
AZ-65559,541-321-6540
ZM-47914,716-462-4154
ZM-47914,529-244-8833
ZM-47914,590-715-5093
ML-72426,483-236-2039
ML-72426,531-850-9949
ML-72426,643-103-8209
XO-04199,370-421-2649
XO-04199,429-729-4361
XO-04199,726-886-5322
RT-33604,131-919-8242
RT-33604,373-750-4546
RT-33604,951-899-5717
DJ-51408,849-573-5218
DJ-51408,155-291-0627
DJ-51408,570-161-8787
MJ-02310,966-533-3800
MJ-02310,946-241-7037
MJ-02310,639-475-9659
ZF-44812,597-882-1505
ZF-44812,701-786-4332
ZF-44812,808-327-6074
OY-50381,732-913-7838
OY-50381,713-125-9167
OY-50381,211-900-0661
YL-35507,411-360-3732
YL-35507,528-795-9727
YL-35507,790-525-2644
MU-21190,864-601-3510
MU-21190,691-192-1975
MU-21190,829-586-0960
MQ-13788,813-100-4649
MQ-13788,452-946-0567
MQ-13788,651-892-3961
