employee_id,contact
EMP-4001,529-490-2114
EMP-4001,593-565-3333
EMP-4002,644-648-5263
EMP-4002,559-704-1243
EMP-4003,854-620-0669
EMP-4003,622-227-6807
EMP-4004,274-576-4150
EMP-4004,333-480-2660
EMP-4005,426-570-9303
EMP-4005,427-798-0444
EMP-4006,303-267-8291
EMP-4006,379-345-9908
EMP-4007,290-968-7233
EMP-4007,633-910-6145
EMP-4008,527-260-1250
EMP-4008,947-540-2465
EMP-4009,985-425-0737
EMP-4009,764-352-3434
EMP-4010,564-113-2053
EMP-4010,789-752-7475
EMP-4011,283-947-8094
EMP-4011,999-506-1284
EMP-4012,906-817-0933
EMP-4012,406-747-6515
EMP-4013,979-900-4516
EMP-4013,969-842-3099
EMP-4014,511-449-8764
EMP-4014,210-881-5238
EMP-4015,468-758-1705
EMP-4015,243-588-2388
EMP-4016,981-521-6987
EMP-4016,124-660-7970
EMP-4017,889-159-8225
EMP-4017,500-149-0574
EMP-4018,979-567-5429
EMP-4018,602-718-8313
EMP-4019,106-980-7324
EMP-4019,311-109-9885
EMP-4020,811-940-4838
EMP-4020,987-843-8900
EMP-4021,570-162-7249
EMP-4021,995-644-8816
EMP-4022,594-208-5121
EMP-4022,114-877-9133
EMP-4023,385-156-3399
EMP-4023,895-825-0188
EMP-4024,659-480-1984
EMP-4024,206-778-0431
EMP-4025,340-513-6514
EMP-4025,501-935-3072
EMP-4026,266-221-6350
EMP-4026,602-748-4598
EMP-4027,848-655-2308
EMP-4027,829-576-9622
EMP-4028,902-178-4835
EMP-4028,928-353-7014
EMP-4029,333-464-5137
EMP-4029,464-252-3457
EMP-4030,314-712-9252
EMP-4030,638-636-3618
EMP-4031,183-141-2737
EMP-4031,671-182-7638
EMP-4032,389-721-1172
EMP-4032,882-233-6526
EMP-4033,105-974-4832
EMP-4033,247-897-4607
EMP-4034,300-601-2669
EMP-4034,830-582-1173
EMP-4035,660-814-0614
EMP-4035,564-701-2457
EMP-4036,984-768-2381
EMP-4036,278-769-6830
EMP-4037,507-583-4037
EMP-4037,248-473-1214
EMP-4038,141-527-1628
EMP-4038,517-710-1768
EMP-4039,230-117-1502
EMP-4039,123-551-8402
EMP-4040,904-386-9278
EMP-4040,776-571-2980
EMP-4041,866-708-3095
EMP-4041,452-121-8812
EMP-4042,881-663-1963
EMP-4042,571-654-4840
EMP-4043,474-892-7590
EMP-4043,147-450-1578
EMP-4044,589-567-7870
EMP-4044,867-486-1956
EMP-4045,399-805-6048
EMP-4045,970-669-3233
EMP-4046,219-945-3451
EMP-4046,560-254-2333
EMP-4047,165-759-2465
EMP-4047,214-797-7844
EMP-4048,656-748-5914
EMP-4048,134-719-7922
EMP-4049,520-461-3670
EMP-4049,935-308-8158
EMP-4050,980-787-6735
EMP-4050,756-833-0013
EMP-4051,818-619-6295
EMP-4051,188-912-6098
EMP-4052,456-924-3064
EMP-4052,255-527-3959
EMP-4053,127-748-2325
EMP-4053,227-202-6262
EMP-4054,630-966-4469
EMP-4054,795-290-6185
EMP-4055,730-438-0193
EMP-4055,610-726-0602
EMP-4056,863-462-8429
EMP-4056,250-461-9587
EMP-4057,646-882-6246
EMP-4057,248-646-8806
EMP-4058,826-353-1129
EMP-4058,144-310-1975
EMP-4059,955-775-6159
EMP-4059,491-680-2748
EMP-4060,994-457-5515
EMP-4060,169-173-7605
EMP-4061,139-652-2069
EMP-4061,475-332-0143
EMP-4062,848-489-2079
EMP-4062,459-931-1177
EMP-4063,495-833-6461
EMP-4063,347-611-0284
EMP-4064,721-689-8770
EMP-4064,492-976-2944
EMP-4065,285-255-2367
EMP-4065,957-980-2007
EMP-4066,789-454-4765
EMP-4066,389-909-4602
EMP-4067,103-644-8717
EMP-4067,664-610-4147
EMP-4068,478-982-7902
EMP-4068,283-709-8254
EMP-4069,699-359-2704
EMP-4069,294-417-4182
EMP-4070,428-914-7522
EMP-4070,682-262-0594
EMP-4071,880-398-4108
EMP-4071,477-271-7045
EMP-4072,894-520-8478
EMP-4072,597-566-4572
EMP-4073,538-940-4591
EMP-4073,952-990-5179
EMP-4074,341-517-3943
EMP-4074,851-906-3788
EMP-4075,350-208-2937
EMP-4075,922-346-8013
EMP-4076,589-614-2151
EMP-4076,737-105-0878
EMP-4077,134-292-1820
EMP-4077,650-197-2816
EMP-4078,478-930-8652
EMP-4078,806-251-0619
EMP-4079,180-415-5371
EMP-4079,940-280-9579
EMP-4080,656-279-3767
EMP-4080,788-388-2498
EMP-4081,515-498-9972
EMP-4081,859-547-8463
EMP-4082,799-569-9845
EMP-4082,914-119-7669
EMP-4083,411-811-3934
EMP-4083,967-772-2918
EMP-4084,111-582-1873
EMP-4084,533-849-6987
EMP-4085,945-930-7465
EMP-4085,279-452-4457
EMP-4086,513-736-6215
EMP-4086,934-527-5576
EMP-4087,380-850-8130
EMP-4087,977-911-2380
EMP-4088,468-763-2288
EMP-4088,347-842-4219
EMP-4089,898-433-6395
EMP-4089,350-843-1934
EMP-4090,142-272-5796
EMP-4090,961-360-1145
EMP-4091,182-756-2953
EMP-4091,170-375-9701
EMP-4092,681-419-0510
EMP-4092,516-867-0890
EMP-4093,201-487-0710
EMP-4093,343-428-2307
EMP-4094,433-712-0482
EMP-4094,962-128-5820
EMP-4095,287-352-1591
EMP-4095,485-977-1830
EMP-4096,192-236-4084
EMP-4096,710-631-6641
EMP-4097,601-808-9411
EMP-4097,998-645-9763
EMP-4098,798-496-9352
EMP-4098,526-394-3802
EMP-4099,501-951-4874
EMP-4099,833-417-4306
EMP-4100,543-637-8308
EMP-4100,283-145-6815
